ats, ats_identifier
Greenhouse,gitlab
Greenhouse,tenstorrent
Greenhouse,coast
Greenhouse,falconx
Greenhouse,vast
Greenhouse,blueoriginllc
Greenhouse,celonis
Greenhouse,zynga
Greenhouse,iconiqcapital
Greenhouse,inworldai
Greenhouse,skyflow
Greenhouse,okx
Greenhouse,wehrtyou
Greenhouse,dataiku
Greenhouse,affinidi
Greenhouse,zscaler
Greenhouse,proton
Greenhouse,bigid
Greenhouse,nubank
Greenhouse,hazel
Greenhouse,andurilindustries
Greenhouse,gomotive
Greenhouse,mozilla
Greenhouse,discord
Greenhouse,snyk
Greenhouse,canonical
Greenhouse,clipboardhealth
Greenhouse,niantic
Greenhouse,horizon3
Greenhouse,veza
Greenhouse,materialbank
Greenhouse,scaleai
Greenhouse,temporaltechnologies
Greenhouse,samsara
Greenhouse,purestorage
Greenhouse,creativefabrica
Greenhouse,remotecom
Greenhouse,gatikaiinc
Greenhouse,glossgenius
Greenhouse,openly
Greenhouse,wizardcommerce
Greenhouse,gusto
Greenhouse,verkada
Greenhouse,freeformfuturecorp
Greenhouse,spacex
Greenhouse,vertice
Greenhouse,motional
Greenhouse,okta
Greenhouse,datadog
Greenhouse,stripe
Greenhouse,nuro
Greenhouse,klaviyo
Greenhouse,lacework
Greenhouse,pinterest
Greenhouse,agoda
Greenhouse,carecom
Greenhouse,allscripts
Greenhouse,netskope
Greenhouse,ripple
Greenhouse,coinbase
Greenhouse,ocadogroup
Greenhouse,evolutioniq
Greenhouse,axonius
Greenhouse,databricks
Greenhouse,verily
Greenhouse,thetradedesk
Greenhouse,paltaltd
Greenhouse,hubspot
Greenhouse,headway
Greenhouse,atticus
Greenhouse,fireblocks
Greenhouse,stoke
Greenhouse,janestreet
Greenhouse,ownbackup
Greenhouse,thealleninstitute
Greenhouse,kayak
Greenhouse,gleanwork
Greenhouse,monzo
Greenhouse,nuna
Greenhouse,riotgames
Greenhouse,foundrydigital
Greenhouse,gympass
Greenhouse,complyadvantage
Greenhouse,wrike
Greenhouse,cloudflare
Greenhouse,coupang
Greenhouse,careem
Greenhouse,fathom
Greenhouse,localyze
Greenhouse,logicmonitor
Greenhouse,spotter
Greenhouse,optiver
Greenhouse,smartlyio
Greenhouse,doordash
Greenhouse,catonetworks
Greenhouse,flocksafety
Greenhouse,drweng
Greenhouse,check
Greenhouse,pismo
Greenhouse,plotly
Greenhouse,babylist
Greenhouse,doctolib
Greenhouse,hextechnologies
Greenhouse,notion
Greenhouse,instacart
Greenhouse,abnormalsecurity
Greenhouse,mongodb
Greenhouse,astranis
Greenhouse,apolloio
Greenhouse,grafanalabs
Greenhouse,arcadiacareers
Greenhouse,launchdarkly
Greenhouse,checkr
Greenhouse,travelperk
Greenhouse,splice
Greenhouse,getir
Greenhouse,trueanomalyinc
Greenhouse,pleo
Greenhouse,devrev
Greenhouse,jumptrading
Greenhouse,postman
Greenhouse,parloa
Greenhouse,simspace
Greenhouse,shopmonkey
Greenhouse,airbnb
Greenhouse,redwoodmaterials
Greenhouse,clickup
Greenhouse,drata
Greenhouse,cockroachlabs
Greenhouse,torcrobotics
Greenhouse,forter
Greenhouse,esri
Greenhouse,pubgcorporation
Greenhouse,podium81
Greenhouse,hometogo
Greenhouse,bondfinancialtechnologies
Greenhouse,joor
Greenhouse,paypay
Greenhouse,contentstack
Greenhouse,onetrust
Greenhouse,mercury
Greenhouse,2k
Greenhouse,stackav
Greenhouse,fivetran
Greenhouse,icapitalnetwork
Greenhouse,stabilityai
Greenhouse,latitude
Greenhouse,spothero
Greenhouse,aptoslabs
Greenhouse,cleoai
Greenhouse,ably30
Greenhouse,11fs
Greenhouse,clearscoretechnologylimited
Greenhouse,codepath
Greenhouse,copperco
Greenhouse,coreweave
Greenhouse,cultureamp
Greenhouse,deliveroo
Greenhouse,epicgames
Greenhouse,figma
Greenhouse,geniussports
Greenhouse,grammarly
Greenhouse,intercom
Greenhouse,narvar
Greenhouse,opendoor
Greenhouse,ableto
Greenhouse,afresh
Greenhouse,stairwell
Greenhouse,civisanalytics
Greenhouse,quansight
Greenhouse,strava
Greenhouse,enova
Greenhouse,sharebite
Greenhouse,sealed
Greenhouse,kininsurance
Greenhouse,attune
Greenhouse,audicus
Greenhouse,atomicvest
Greenhouse,axios
Greenhouse,unqork
Greenhouse,carrotfertility
Greenhouse,garnerhealth
Greenhouse,specterops
Greenhouse,utilityapi
Greenhouse,blueroseresearch
Greenhouse,loanstreetinc
Greenhouse,mural
Greenhouse,jobber
Greenhouse,tra
Greenhouse,sigmacomputing
Greenhouse,beyondtrust
Greenhouse,alphasense
Greenhouse,amplitude
Greenhouse,blueb
Greenhouse,workato
Greenhouse,aiserajobs
Greenhouse,7shifts
Greenhouse,rfpio
Greenhouse,airbase
Greenhouse,getbuilt
Greenhouse,degreed
Greenhouse,visiersolutionsinc
Greenhouse,sysdig
Greenhouse,hotjar
Greenhouse,tropic
Greenhouse,constantcontact
Greenhouse,embrace
Greenhouse,jellyfish
Greenhouse,taxbit
Greenhouse,groove
Greenhouse,logicgate
Greenhouse,interfaceai
Greenhouse,bloomreach
Greenhouse,sonyinteractiveentertainmentglobal
Greenhouse,vonage
Greenhouse,guardsquare
Greenhouse,freshbooks
Greenhouse,tekmetric
Greenhouse,acronis
Greenhouse,zip
Greenhouse,project44
Greenhouse,runzero
Greenhouse,flowcode
Greenhouse,audioeye
Greenhouse,vareto
Greenhouse,relaypro
Greenhouse,paveakatroveinformationtechnologies
Greenhouse,moloco
Greenhouse,thanx
Greenhouse,mutiny
Greenhouse,logikc
Greenhouse,recordedfuture
Greenhouse,crossbeam
Greenhouse,go1us
Greenhouse,later
Greenhouse,tripadvisor
Greenhouse,thoropass
Greenhouse,commerceiq
Greenhouse,flyr
Greenhouse,ngrokinc
Greenhouse,hotelengine
Greenhouse,warbyparker
Greenhouse,grindr
Greenhouse,apaleo
Greenhouse,samcarthiring
Greenhouse,muckrack
Greenhouse,northbeam
Greenhouse,digitalasset
Greenhouse,alma
Greenhouse,fundraiseup
Greenhouse,momence
Greenhouse,myfitnesspal
Greenhouse,stackline
Greenhouse,shipbobinc
Greenhouse,3cloud
Greenhouse,projectdiscoveryinc
Greenhouse,accelerationpartners
Greenhouse,revivn
Greenhouse,chapter
Greenhouse,techtalentandstrat
Greenhouse,axuall
Greenhouse,figure
Greenhouse,ecore
Greenhouse,avalabs
Greenhouse,pixability
Greenhouse,metalab
Greenhouse,attain
Greenhouse,aquaticcapitalmanagement
Greenhouse,genies
Greenhouse,worksighted
Greenhouse,upfort
Greenhouse,ampla
Greenhouse,chicory
Greenhouse,blockrenovation
Greenhouse,mycoworks
Greenhouse,bmnt
Greenhouse,connectrn
Greenhouse,real
Greenhouse,baton
Greenhouse,southernpovertylawcenter
Greenhouse,agentsync
Greenhouse,bestpass
Greenhouse,coherehealth
Greenhouse,customerio
Greenhouse,doubleverify
Greenhouse,hightouch
Greenhouse,hungryroot
Greenhouse,partstech
Greenhouse,pipe17
Greenhouse,render
Greenhouse,tailscale
Greenhouse,trustmachines
Greenhouse,acquia
Greenhouse,betterup
Greenhouse,capellaspace
Greenhouse,circle
Greenhouse,coconutsoftware
Greenhouse,directshi
Greenhouse,lithic
Greenhouse,merge
Greenhouse,mux
Greenhouse,neuraflash
Greenhouse,superblocks
Greenhouse,vidyard
Greenhouse,willowtree
Greenhouse,infotrust
Greenhouse,datagrail
Greenhouse,healthjoy
Greenhouse,revenuecat
Greenhouse,truveta
Greenhouse,ellevest
Greenhouse,koboldmetals
Greenhouse,candi
Greenhouse,climateai
Greenhouse,con
Greenhouse,posigen
Greenhouse,twelve
Greenhouse,aircompany
Greenhouse,kaiahealth
Greenhouse,scaletowinllc
Greenhouse,optirtc
Greenhouse,dotcomtherapy
Greenhouse,edmentum
Greenhouse,communitychange
Greenhouse,stellar
Greenhouse,charlesandlynnschustermanfamilyphilanthropies
Greenhouse,propublica
Greenhouse,foundenergy
Greenhouse,syapse
Greenhouse,pursuit
Greenhouse,spanio
Greenhouse,omidyarnetwork
Greenhouse,panoramaed
Greenhouse,qcentrix
Greenhouse,abpartners
Greenhouse,thenewyorktimes
Greenhouse,freenome
Greenhouse,moveonorg
Greenhouse,formationbio
Greenhouse,hologram
Greenhouse,liminalinsightsinc
Greenhouse,hyperfine53
Greenhouse,leveltenenergy
Greenhouse,civicactions
Greenhouse,berlinrosen
Greenhouse,wonderschool
Greenhouse,gofundme
Greenhouse,samainc
Greenhouse,grantbook
Greenhouse,techstars57
Greenhouse,tesseract
Greenhouse,4catalyzer28
Greenhouse,changeorg58
Greenhouse,goguardian
Greenhouse,rvohealth
Greenhouse,questbridge
Greenhouse,donorschoose
Greenhouse,newsrevenuehub
Greenhouse,semprehealth
Greenhouse,datakindinc
Greenhouse,carbondirect
Greenhouse,educationdesignlab
Greenhouse,urbanfootprint
Greenhouse,equatic
Greenhouse,rs21careers
Greenhouse,farmsanctuary
Greenhouse,ampsortation
Greenhouse,modernhealth
Greenhouse,answersnow
Greenhouse,nationalpublicradioinc
Greenhouse,bluemeridian
Greenhouse,ncx
Greenhouse,rheaply
Greenhouse,sumofus
Greenhouse,forumone
Greenhouse,pavilion
Greenhouse,grist
Greenhouse,gradientcomfort
Greenhouse,attunededucationpartners
Greenhouse,omadahealth
Greenhouse,catchafire
Greenhouse,amperon
Greenhouse,practisinglawinstitute
Greenhouse,trove
Greenhouse,equilibriumenergy
Greenhouse,n2y
Greenhouse,incubator
Greenhouse,bloomerang
Greenhouse,piclo
Greenhouse,sofarocean
Greenhouse,zepzgroup
Greenhouse,columnsoftware
Greenhouse,tippingpointcommunity
Greenhouse,curvehea
Greenhouse,energyandenvironmentlab
Greenhouse,deepmind
Greenhouse,ideas42
Greenhouse,agilesix
Greenhouse,rapidsos
Greenhouse,quartethealth
Greenhouse,osmosis
Greenhouse,tempus
Greenhouse,antora
Greenhouse,nz
Greenhouse,ovoenergy
Greenhouse,watershedclimate
Greenhouse,rondoenergy
Greenhouse,pyka
Greenhouse,smaamerica
Greenhouse,sweep
Greenhouse,ascendanalytics
Greenhouse,buildingdecarbonizationcoalition
Greenhouse,overstory
Greenhouse,universeenergy
Greenhouse,entrix
Greenhouse,carbonchain
Greenhouse,elementalexcelerator
Greenhouse,covetool
Greenhouse,forerunner
Greenhouse,climatefinancesolutions
Greenhouse,developmentseed
Greenhouse,euclidpower
Greenhouse,mitte
Greenhouse,greenpeace
Greenhouse,circ
Greenhouse,ibkr
Greenhouse,yougov
Greenhouse,stacklok
Greenhouse,tandemailimited
Greenhouse,everisusainc
Greenhouse,oyster
Greenhouse,energysolutions
Greenhouse,tadigitalusa
Greenhouse,twilio
Greenhouse,knowbe4
Greenhouse,dialpad
Greenhouse,huntress
Greenhouse,alamarbiosciences
Greenhouse,freshrealm
Greenhouse,omnipresent
Greenhouse,skydio
Greenhouse,whatnot
Greenhouse,civitaslearning
Greenhouse,neuroflow
Greenhouse,anaconda
Greenhouse,tatari
Greenhouse,nomiso
Greenhouse,raft
Greenhouse,appfiretechnologiesllc
Greenhouse,bottomlinetechnologies
Greenhouse,singlestore
Greenhouse,boldly
Greenhouse,smartsheet
Greenhouse,affirm
Greenhouse,reddit
Greenhouse,idme
Greenhouse,opentable
Greenhouse,altentechnologyusa
Greenhouse,datacamp
Greenhouse,cirkul
Greenhouse,onemodel
Greenhouse,shapeways
Greenhouse,tebra
Greenhouse,decimainternational
Greenhouse,farmersbusinessnetwork
Greenhouse,mantrahealth
Greenhouse,jabrahearing
Greenhouse,deliveryassociates
Greenhouse,donorbox
Greenhouse,fastforward
Greenhouse,detect
Greenhouse,therma
Greenhouse,revel
Greenhouse,firstlookmedia
Greenhouse,reproductivefreedomforall
Greenhouse,springhealth66
Greenhouse,humaninterest
Greenhouse,tmc
Greenhouse,branch
Greenhouse,seesaw
Greenhouse,floodbase
Greenhouse,joinforage
Greenhouse,sirum
Greenhouse,parachutehealth
Greenhouse,zitaratechnologiesinc
Greenhouse,sustainlife
Greenhouse,connectder
Greenhouse,bynderjobs
Greenhouse,otainsightltd
Greenhouse,fusionworldwide
Greenhouse,incidentio
Greenhouse,magicleapinc
Greenhouse,smartbear
Greenhouse,tekion
Greenhouse,amplemarket
Greenhouse,creditkarma
Greenhouse,ezcaterinc
Greenhouse,dbtlabsinc
Greenhouse,glide
Greenhouse,hiya
Greenhouse,ispottv
Greenhouse,klaratechnologies
Greenhouse,lumos
Greenhouse,marqeta
Greenhouse,mavenclinic
Greenhouse,mogli
Greenhouse,signifyd95
Greenhouse,thousandeyes
Greenhouse,threeflow
Greenhouse,tucows
Greenhouse,growtherapy
Greenhouse,skylighthq
Greenhouse,perennial
Greenhouse,appomni
Greenhouse,datavant
Greenhouse,doxo
Greenhouse,tcpsoftware
Greenhouse,zerocater
Greenhouse,moveworks
Greenhouse,pandadoc
Greenhouse,squareroots
Greenhouse,cordial81
Greenhouse,earnest
Greenhouse,nautilusl
Greenhouse,evercharge
Greenhouse,collectivehealth
Greenhouse,dexisconsultinggroup
Greenhouse,nava
Greenhouse,ithaka
Greenhouse,activate
Greenhouse,shifttechnology
Greenhouse,codeforamerica
Greenhouse,spoileralert
Greenhouse,thorn
Greenhouse,makingwavesfoundation
Greenhouse,mosaic
Greenhouse,unidosus
Greenhouse,peibio
Greenhouse,aitherapeutics1
Greenhouse,butterflynetwork
Greenhouse,learningequality
Greenhouse,evergreen
Greenhouse,weavegrid
Greenhouse,civicnation
Greenhouse,quorum
Greenhouse,heliogen
Greenhouse,boundlessimmigration
Greenhouse,clearballot
Greenhouse,thegoodfoodinstitute80
Greenhouse,storkclub
Greenhouse,larkhealth
Greenhouse,syndio
Greenhouse,komodohealth
Greenhouse,voltaiq
Greenhouse,bluelabsanalyticsinc
Greenhouse,onlyone
Greenhouse,oscar
Greenhouse,energyhub
Greenhouse,actblue
Greenhouse,lilium
Greenhouse,pivotbio
Greenhouse,kaluza
Greenhouse,eh2
Greenhouse,zolar
Greenhouse,refurbed
Greenhouse,seres
Greenhouse,missionzerotechnologies
Greenhouse,ninedotholdingsinc
Greenhouse,reactivate
Greenhouse,vaayutech
Greenhouse,ethicinvesting
Greenhouse,bluewhalematerials
Greenhouse,eon
Greenhouse,stxgroup
Greenhouse,plenty
Greenhouse,cyware
Greenhouse,preply
Greenhouse,toast
Greenhouse,upstart
Greenhouse,appliedintuition
Greenhouse,faire
Greenhouse,laurel
Greenhouse,guidepointsecurity
Greenhouse,equipmentsharecom
Greenhouse,chime
Greenhouse,peloton
Greenhouse,signifyhealth
Greenhouse,couchbaseinc
Greenhouse,zuora
Greenhouse,artofproblemsolving
Greenhouse,hyliion
Greenhouse,dataworld
Greenhouse,justcapital
Greenhouse,playworks96
Greenhouse,pluribusdigital
Greenhouse,ccpublicboard
Greenhouse,protenus36
Greenhouse,chargepoint
Greenhouse,bluestatedigital
Greenhouse,acumen
Greenhouse,ribbonhealth
Greenhouse,evidation
Greenhouse,irhythm
Greenhouse,meritamerica
Greenhouse,cloverhealth
Greenhouse,sypartners
Greenhouse,ginkgobioworks
Greenhouse,bluerivertech
Greenhouse,evertrue
Greenhouse,freedomofthepressfoundation
Greenhouse,novoed
Greenhouse,asana
Greenhouse,calendly
Greenhouse,formlabs
Greenhouse,getyourguide
Greenhouse,hellofresh
Greenhouse,hootsuite
Greenhouse,ceribell
Greenhouse,connatix
Greenhouse,flipp
Greenhouse,cribl
Greenhouse,digitalai
Greenhouse,invoicecloud
Greenhouse,donordrive
Greenhouse,engagesmart
Greenhouse,esusu
Greenhouse,expel
Greenhouse,fareharbor
Greenhouse,freestar
Greenhouse,grin
Greenhouse,hginsights
Greenhouse,hyperproof
Greenhouse,imply
Greenhouse,incode
Greenhouse,inmarket
Greenhouse,ipfabric
Greenhouse,iterable
Greenhouse,standard
Greenhouse,luminate
Greenhouse,medallion
Greenhouse,ossiumhealth
Greenhouse,payit
Greenhouse,porchcom
Greenhouse,redislabs
Greenhouse,seismicsoftware
Greenhouse,swirlds
Greenhouse,synctera
Greenhouse,tulip
Greenhouse,wistia
Greenhouse,3playmedia
Greenhouse,affinipay1
Greenhouse,anomalojobs
Greenhouse,applecart
Greenhouse,auditboard
Greenhouse,avetta
Greenhouse,avicado
Greenhouse,awardco
Greenhouse,billcom
Greenhouse,budderfly
Greenhouse,classy
Greenhouse,coalition
Greenhouse,commure
Greenhouse,confiant
Greenhouse,zenput
Greenhouse,dealpath
Greenhouse,digicert
Greenhouse,edb
Greenhouse,geckorobotics
Greenhouse,glia
Greenhouse,highradius
Greenhouse,influxdb
Greenhouse,jamf
Greenhouse,kaseya
Greenhouse,lacek
Greenhouse,leanix
Greenhouse,litmos
Greenhouse,machinemetrics
Greenhouse,soci
Greenhouse,modernizingmedicineinc
Greenhouse,nexhealth
Greenhouse,openspace
Greenhouse,pax8
Greenhouse,placerlabs
Greenhouse,relaynetwork
Greenhouse,sentinellabs
Greenhouse,siteline
Greenhouse,thoughtful
Greenhouse,tomorrow
Greenhouse,mitratech
Greenhouse,unit21
Greenhouse,ericbuckleygetupsidegreenhouseio
Greenhouse,intrinsicrobotics
Greenhouse,seatgeek
Greenhouse,sbenergy
Greenhouse,gropyus
Greenhouse,capco
Greenhouse,dunnhumby
Greenhouse,ogilvy
Greenhouse,rapp
Greenhouse,charlesriverassociates
Greenhouse,airsculpt
Greenhouse,elitebodysculpture
Greenhouse,themarketingarm
Greenhouse,flexport
Greenhouse,rampnetwork
Greenhouse,fanduel
Greenhouse,voltrondata
Greenhouse,manticoregames
Greenhouse,xai
Greenhouse,groundtruth
Greenhouse,vizai
Greenhouse,simpplr
Greenhouse,brainstation
Greenhouse,varsitytutors
Greenhouse,wizeline
Greenhouse,gemini
Greenhouse,trivago
Greenhouse,phonepe
Greenhouse,himshers
Greenhouse,asteralabs
Greenhouse,withco
Greenhouse,candidly
Greenhouse,mach49
Greenhouse,ixllearning
Greenhouse,jwplayer
Greenhouse,simondata
Greenhouse,elastic
Greenhouse,relativity
Greenhouse,bitmex
Greenhouse,startree
Greenhouse,bobsledinc
Greenhouse,weee
Greenhouse,leapwork
Greenhouse,adyen
Greenhouse,ridgeline
Greenhouse,openai
Greenhouse,inflectionai
Greenhouse,masterclass
Greenhouse,jackpocket
Greenhouse,papaya
Greenhouse,supportlogic
Greenhouse,pacaso
Greenhouse,pieinsurance
Greenhouse,insitro
Greenhouse,teads
Greenhouse,braze
Greenhouse,sumup
Greenhouse,alayacare
Greenhouse,cloudbeds
Greenhouse,helsing
Greenhouse,adonis
Greenhouse,bubble
Greenhouse,epirus
Greenhouse,clearstreet
Greenhouse,tanium
Greenhouse,clickhouse
Greenhouse,rubrik
Greenhouse,sanityio
Greenhouse,healthgorilla
Greenhouse,branded
Greenhouse,levelhome
Greenhouse,thoughtspot
Greenhouse,corellium
Greenhouse,theflatironschool
Greenhouse,justanswer
Greenhouse,n26
Greenhouse,helionenergy
Greenhouse,roblox
Greenhouse,orioninnovation
Greenhouse,impact
Greenhouse,archer56
Greenhouse,banasolutions
Greenhouse,snorkelai
Greenhouse,wileyedgerecruitingportal
Greenhouse,eleviassociates
Greenhouse,goop
Greenhouse,braintrust
Greenhouse,codazen
Greenhouse,whatnotcampus
Greenhouse,pmg
Greenhouse,perpay
Greenhouse,etelligentgroup
Greenhouse,stripes
Greenhouse,recogni
Greenhouse,juvare
Greenhouse,censys
Greenhouse,bensonhillinc
Greenhouse,bamboohr17
Greenhouse,alarmcom
Greenhouse,addepar1
Greenhouse,pendo
Greenhouse,boxinc
Greenhouse,bertramcapitalmanagement
Greenhouse,samsungsemiconductor
Greenhouse,minitab
Greenhouse,recruitingprograms
Greenhouse,walmartasr
Greenhouse,zanbato
Greenhouse,hudl
Greenhouse,qumulo
Greenhouse,fetchrewards
Greenhouse,dxacirca
Greenhouse,c3iot
Greenhouse,ruggedrobotics
Greenhouse,ripplematchinterns
Greenhouse,ziprecruiter
Greenhouse,hyannisportresearch
Greenhouse,eulerity
Greenhouse,achronixsemiconductor
Greenhouse,diffusebio
Greenhouse,futronics
Greenhouse,docugami
Greenhouse,affinitiv
Greenhouse,dcard
Greenhouse,appier
Greenhouse,kinaxis
Greenhouse,gardacp
Greenhouse,transferwise
Greenhouse,tucowscampusrecruitment
Greenhouse,dataikujobs
Greenhouse,point72
Greenhouse,blueconic
Greenhouse,flyxai
Greenhouse,rocketlab
Greenhouse,ridecell
Greenhouse,databento
Greenhouse,ahrefsjobs
Greenhouse,virtu
Greenhouse,ddome
Greenhouse,veesearch
Greenhouse,brightflag
Greenhouse,offerup
Greenhouse,hyperiondev
Greenhouse,databook
Greenhouse,sezzle
Greenhouse,smarkets
Greenhouse,sentry
Greenhouse,flowtraders
Greenhouse,alixpartners
Greenhouse,talentsolutions
Greenhouse,rothesaylife
Greenhouse,darktracelimited
Greenhouse,loungeunderwearltd
Greenhouse,aqr
Greenhouse,indiecampers
Greenhouse,babylon
Greenhouse,cowen
Greenhouse,thurnpartners
Greenhouse,disguisetechnologiesltd
Greenhouse,optimove
Greenhouse,briq
Greenhouse,pathai
Greenhouse,acaciumgroup
Greenhouse,anydesk
Greenhouse,guestready
Greenhouse,jdsports
Greenhouse,thesocialhub
Greenhouse,113134
Greenhouse,2kvegas
Greenhouse,accenturefederalservices
Greenhouse,accuweather
Greenhouse,aclu
Greenhouse,alexandralozanoimmigrationlawpllc
Greenhouse,algolia
Greenhouse,allinc
Greenhouse,allwebleads
Greenhouse,aloyoga
Greenhouse,alphasightsresumedrop
Greenhouse,appstarfinancial
Greenhouse,aputure
Greenhouse,artefact
Greenhouse,assetliving
Greenhouse,atlassand
Greenhouse,aztecgroup
Greenhouse,bcscareers
Greenhouse,beam
Greenhouse,berlinbrands
Greenhouse,betsson
Greenhouse,beyond
Greenhouse,beyondfinance
Greenhouse,boostedai
Greenhouse,buyersedgeplatformrecruiting
Greenhouse,byheart
Greenhouse,cais
Greenhouse,campusopportunities
Greenhouse,capitalontap
Greenhouse,cargurus
Greenhouse,cfoinsights
Greenhouse,chathamfinancial
Greenhouse,clearfield
Greenhouse,clubmonaco
Greenhouse,connectedcannabisco
Greenhouse,convertkit
Greenhouse,cookunity
Greenhouse,crescolabs
Greenhouse,crexi
Greenhouse,criticalmass
Greenhouse,curaleaf
Greenhouse,curiebiooperationsllc
Greenhouse,currentcatalog
Greenhouse,detroitlions
Greenhouse,directapplication
Greenhouse,dnli
Greenhouse,drift
Greenhouse,ducerapartners
Greenhouse,ebanx
Greenhouse,echodynecorp
Greenhouse,edge
Greenhouse,edgile
Greenhouse,elegen
Greenhouse,elementsconnect
Greenhouse,emigrantbank
Greenhouse,equummedical
Greenhouse,everlane
Greenhouse,execonline
Greenhouse,exoduspoint
Greenhouse,familyoffice
Greenhouse,fender
Greenhouse,focalsystems
Greenhouse,foundationriskpartners
Greenhouse,fractylhealthinc
Greenhouse,freewill
Greenhouse,friedfrankharrisshriverjacobsonllp
Greenhouse,fulfillment
Greenhouse,gavindebeckerassociates
Greenhouse,gersonlehrmangroup
Greenhouse,glosslab
Greenhouse,goatgroup
Greenhouse,goldflora
Greenhouse,greenthumbindustries
Greenhouse,guayaki
Greenhouse,guidepostmontessori
Greenhouse,gumgum
Greenhouse,hearcom
Greenhouse,heritagecrystalcleanllc
Greenhouse,hibu
Greenhouse,hillel
Greenhouse,horacemannservicecorporation
Greenhouse,hoyoverse
Greenhouse,hsgllp
Greenhouse,industrious
Greenhouse,infusemedia
Greenhouse,ingenuitystudios
Greenhouse,innovid
Greenhouse,ivalua
Greenhouse,jeffwyler
Greenhouse,jobsforthefuture
Greenhouse,jungroup
Greenhouse,keeleyconstruction
Greenhouse,keyfactorinc
Greenhouse,keystonestrategy
Greenhouse,kindsnacks
Greenhouse,kite
Greenhouse,lakesidesoftware
Greenhouse,launchpadtechnologiesinc
Greenhouse,layerzerolabs
Greenhouse,leafguard
Greenhouse,lemonlightmediainc
Greenhouse,linkedin
Greenhouse,losalamospublicschools
Greenhouse,luganodiamonds
Greenhouse,mantle
Greenhouse,mapbox
Greenhouse,marscousg
Greenhouse,mayfair
Greenhouse,mbooth
Greenhouse,meatifoods
Greenhouse,mediabrands
Greenhouse,melio
Greenhouse,misfitsmarket
Greenhouse,morganmorganjobsapplynow
Greenhouse,mybrandforce
Greenhouse,nakedfarmer
Greenhouse,nightfall
Greenhouse,northspyre
Greenhouse,northwestadministratorsinc
Greenhouse,nspt
Greenhouse,obexp
Greenhouse,ombud
Greenhouse,omicron
Greenhouse,onrunning
Greenhouse,opensesame
Greenhouse,oportun
Greenhouse,optiverprivate
Greenhouse,orderlynetwork
Greenhouse,packardculliganwater
Greenhouse,pathward
Greenhouse,pct
Greenhouse,pdtpartners
Greenhouse,pinnacolassurance
Greenhouse,pitchbookdata
Greenhouse,pomelocare
Greenhouse,premierstaff
Greenhouse,presencelearning
Greenhouse,prophecysimpledatalabs
Greenhouse,quotewell
Greenhouse,rebag
Greenhouse,rebtel
Greenhouse,redpandadata
Greenhouse,relaygraduateschoolofeducation
Greenhouse,resprop
Greenhouse,retool
Greenhouse,rockstargames
Greenhouse,rootly
Greenhouse,rpa
Greenhouse,saxbys
Greenhouse,securitybankbettercareers
Greenhouse,shearerssnacks
Greenhouse,similarweb
Greenhouse,skilledwoundcare
Greenhouse,smallgirlspr
Greenhouse,smallhold
Greenhouse,soeffects
Greenhouse,sonymusic
Greenhouse,sonypicturesanimation
Greenhouse,sothebys
Greenhouse,sparrow
Greenhouse,splash
Greenhouse,spongeuk
Greenhouse,stensul
Greenhouse,striveworks
Greenhouse,suitsupply
Greenhouse,surgicalnotes
Greenhouse,svtrobotics
Greenhouse,system
Greenhouse,teammobot
Greenhouse,tellius
Greenhouse,tenderfood
Greenhouse,terraytherapeutics
Greenhouse,thelibragroup
Greenhouse,therealreal
Greenhouse,theroom
Greenhouse,threatlocker
Greenhouse,toshibaglobalcommercesolutions
Greenhouse,trace3
Greenhouse,transmarketgroup
Greenhouse,triumvirateenvironmental
Greenhouse,uniswaplabs
Greenhouse,universityofchicago
Greenhouse,vaynermedia
Greenhouse,verisign
Greenhouse,verramobility
Greenhouse,vividseatsllc
Greenhouse,vizgen
Greenhouse,waldensecurity
Greenhouse,waymark
Greenhouse,wellth
Greenhouse,wework
Greenhouse,winhomeinspection
Greenhouse,wondersco
Greenhouse,zelusanalytics
Greenhouse,joinhandshake
Greenhouse,movableink
Greenhouse,slingshotaerospace
Greenhouse,togetherwork
Greenhouse,tripactions
Greenhouse,truehold
Greenhouse,vestwell
Greenhouse,apixio
Greenhouse,avepoint
Greenhouse,aweber
Greenhouse,captiveaire
Greenhouse,carvana
Greenhouse,catchpoint
Greenhouse,clarksoneyecare
Greenhouse,codeandtheory
Greenhouse,cognism
Greenhouse,fairmarkit
Greenhouse,guidepoint
Greenhouse,inovalon
Greenhouse,interplaylearning
Greenhouse,jdpower
Greenhouse,kidango
Greenhouse,kry
Greenhouse,mpowerfinancing
Greenhouse,pharmacann
Greenhouse,psiquantum
Greenhouse,redventures
Greenhouse,rightwayhealthcare
Greenhouse,sparkcognition
Greenhouse,wayfair
Greenhouse,exodus54
Greenhouse,paperlesspost
Greenhouse,altruist
Greenhouse,arkestroinc
Greenhouse,stridertechnologies
Greenhouse,cmrsurgical
Greenhouse,mixmode
Greenhouse,applovin
Greenhouse,recharge
Greenhouse,spire
Greenhouse,fortogmbh
Greenhouse,hypergiant
Greenhouse,aviatrix
Greenhouse,runwayml
Greenhouse,sosafe
Greenhouse,cerebrassystems
Greenhouse,duolingo
Greenhouse,scoutmotors
Greenhouse,allturtles
Greenhouse,scoremediaandgaminginc
Greenhouse,fidelapi
Greenhouse,thefarmersdog
Greenhouse,xapo61
Greenhouse,wingspan
Greenhouse,buildops
Greenhouse,seurat
Greenhouse,fulfil
Greenhouse,halcyon
Greenhouse,granica
Greenhouse,duda
Greenhouse,plume
Greenhouse,instabase
Greenhouse,forta
Greenhouse,takealotcom
Greenhouse,onesignal
Greenhouse,application
Greenhouse,thunes
Greenhouse,glovo
Greenhouse,spotonproduct
Greenhouse,butternutbox
Greenhouse,mendel
Greenhouse,featurespace
Greenhouse,stockx
Greenhouse,weedmaps77
Greenhouse,dydx
Greenhouse,neuralink
Greenhouse,consensys
Greenhouse,fernride
Greenhouse,solarisbank
Greenhouse,wizinc
Greenhouse,codeorg
Greenhouse,primerai
Greenhouse,workstream
Greenhouse,qwick
Greenhouse,akqa
Greenhouse,divvyhomes
Greenhouse,razorpaysoftwareprivatelimited
Greenhouse,actioniq
Greenhouse,vercel
Greenhouse,creditbook
Greenhouse,cohesity
Greenhouse,dunamu
Greenhouse,alloy
Greenhouse,treasuredata
Greenhouse,waymo
Greenhouse,scribetherapeutics
Greenhouse,synthesia
Greenhouse,trmlabs
Greenhouse,webflow
Greenhouse,mercari
Greenhouse,split
Greenhouse,razorgroupgmbh
Greenhouse,episodesixlinkedin
Greenhouse,toogoodtogo
Greenhouse,creditas
Greenhouse,phaidra
Greenhouse,commentsold
Greenhouse,vannevarlabs
Greenhouse,vowgroup
Greenhouse,hs
Greenhouse,substack
Greenhouse,fictiv
Greenhouse,paradigm
Greenhouse,stitchmoneyptyltd
Greenhouse,chanzuckerberginitiative
Greenhouse,dremio
Greenhouse,upgrade
Greenhouse,phantom45
Greenhouse,everstreamanalytics
Greenhouse,muonspace
Greenhouse,myntra
Greenhouse,ambientai
Greenhouse,paysend
Greenhouse,talos
Greenhouse,isomorphiclabs
Greenhouse,beaconplatform
Greenhouse,speechmatics
Greenhouse,beautypie
Greenhouse,soundcloud71
Greenhouse,seldon
Greenhouse,trustpilot
Greenhouse,ledgy
Greenhouse,robinai
Greenhouse,recursionpharmaceuticals
Greenhouse,droit
Greenhouse,trayio
Greenhouse,altanaai
Greenhouse,via
Greenhouse,mozillaai
Greenhouse,tractable
Greenhouse,gocardless
Greenhouse,expressvpn
Greenhouse,globalityinc
Greenhouse,wayve
Greenhouse,boku
Greenhouse,forgerock
Greenhouse,gsrmarkets
Greenhouse,pqshield
Greenhouse,armissecurity
Greenhouse,axon
Greenhouse,blockchain
Greenhouse,lightricks
Greenhouse,neo4j
Greenhouse,nice
Greenhouse,vestiairecollective
Greenhouse,greenhouse
Greenhouse,galaxydigitalservices
Greenhouse,superpayments
Greenhouse,appian
Greenhouse,fonoa
Greenhouse,robinhood
Greenhouse,anaplan
Greenhouse,globalwebindex
Greenhouse,clearmatics
Greenhouse,attest
Greenhouse,flipdish
Greenhouse,mediatonic
Greenhouse,bayada
Greenhouse,solarwinds
Greenhouse,bluebeam
Greenhouse,logikcull
Greenhouse,techtalentandstrategy
Greenhouse,directshifts
Greenhouse,convoy
Greenhouse,curvehealth
Greenhouse,nzero
Greenhouse,truelayer
Greenhouse,thoughtworks
Greenhouse,blankstreet
Greenhouse,productboard
Greenhouse,elwoodtechnologies
Greenhouse,flohealth
Greenhouse,surveymonkey
Greenhouse,mavensecuritiesholdingltd
Greenhouse,permutive
Ashbyhq,writer
Ashbyhq,aurorasolar
Ashbyhq,hyperexponential
Ashbyhq,Stedi
Ashbyhq,kittl
Ashbyhq,qventus
Ashbyhq,exponential
Ashbyhq,Waterplan
Ashbyhq,notable
Ashbyhq,Swoop
Ashbyhq,ironcladhq
Ashbyhq,cubesoftware
Ashbyhq,hackerone
Ashbyhq,OpsLevel
Ashbyhq,futurefitai
Ashbyhq,vanta
Ashbyhq,montecarlodata
Ashbyhq,leapsome
Ashbyhq,census
Ashbyhq,vantage
Ashbyhq,happeo
Ashbyhq,virtuous
Ashbyhq,mui
Ashbyhq,Geoforce
Ashbyhq,tango
Ashbyhq,Cambly
Ashbyhq,moderntreasury
Ashbyhq,pear
Ashbyhq,formenergy
Ashbyhq,readme
Ashbyhq,pathmentalhealth
Ashbyhq,woflow
Ashbyhq,Abridge
Ashbyhq,keeper
Ashbyhq,resourcely
Ashbyhq,resq
Ashbyhq,orb
Ashbyhq,arcade
Ashbyhq,runway
Ashbyhq,candidhealth
Ashbyhq,propelus
Ashbyhq,Pontosense
Ashbyhq,propagate
Ashbyhq,equi
Ashbyhq,chronospherejobs
Ashbyhq,binti
Ashbyhq,immersivelabs
Ashbyhq,certn
Ashbyhq,sift
Ashbyhq,spiff
Ashbyhq,ashby
Ashbyhq,athelas
Ashbyhq,birdie
Ashbyhq,docker
Ashbyhq,evenup
Ashbyhq,gorgias
Ashbyhq,multiverse
Ashbyhq,ocp
Ashbyhq,ramp
Ashbyhq,patreon
Ashbyhq,virtahealth
Ashbyhq,openphilanthropy
Ashbyhq,act
Ashbyhq,Resilia
Ashbyhq,Crusoe
Ashbyhq,Coperniq
Ashbyhq,impulse
Ashbyhq,isometric
Ashbyhq,flux
Ashbyhq,edaclabs
Ashbyhq,arbor
Ashbyhq,framenergy
Ashbyhq,finch
Ashbyhq,jump
Ashbyhq,argus
Ashbyhq,replit
Ashbyhq,Oxygen
Ashbyhq,edited
Ashbyhq,safi
Ashbyhq,Gruntwork
Ashbyhq,fermataenergy
Ashbyhq,EdacLabs
Ashbyhq,Arbor
Ashbyhq,believer
Ashbyhq,izea
Ashbyhq,Union
Ashbyhq,Kojo
Ashbyhq,Deel
Ashbyhq,zello
Ashbyhq,quant-aq
Ashbyhq,rose%20rocket
Ashbyhq,myurbanjungle.com
Ashbyhq,partly.com
Ashbyhq,halasystems.com
Ashbyhq,ecosia.org
Ashbyhq,granular-energy.com
Ashbyhq,tortugaagtech.com
Ashbyhq,sweedpos.com
Ashbyhq,deel
Ashbyhq,parafin
Ashbyhq,cambly
Ashbyhq,Blockworks
Ashbyhq,Radai
Ashbyhq,pinecone
Ashbyhq,GPTZero
Ashbyhq,Perchwell
Ashbyhq,AeroVect
Ashbyhq,quora
Ashbyhq,GoVenti
Ashbyhq,homebase
Ashbyhq,Attesto
Ashbyhq,joko.com
Ashbyhq,mobbin.com
Ashbyhq,lakera.ai
Ashbyhq,www.qogita.com
Ashbyhq,peek
Ashbyhq,halborn
Ashbyhq,artafinance
Ashbyhq,oneapp
Ashbyhq,wheel
Ashbyhq,localkitchens
Ashbyhq,aleph
Ashbyhq,d-Matrix
Ashbyhq,M-KOPA
Ashbyhq,elevenlabs
Ashbyhq,wetransfer
Ashbyhq,keyrock
Ashbyhq,marshmallow
Ashbyhq,humaans
Ashbyhq,chainalysis-careers
Ashbyhq,yondercard
Ashbyhq,actual
Ashbyhq,sequence
Ashbyhq,lilt
Ashbyhq,beamery
Ashbyhq,linktree
Bamboohr,fellowapp
Bamboohr,flutterwavego
Bamboohr,axiomspace
Bamboohr,globalenergymonitor
Bamboohr,addigy
Bamboohr,coherent
Bamboohr,kiteworks
Bamboohr,avidbots
Bamboohr,recordpoint
Bamboohr,virtuozzo
Bamboohr,investisdigital
Bamboohr,clockwork
Bamboohr,acerta
Bamboohr,billd
Bamboohr,cheq
Bamboohr,cloudsmith
Bamboohr,signals
Bamboohr,prezi
Bamboohr,gitkraken
Bamboohr,headspin
Bamboohr,kimoby
Bamboohr,montoux
Bamboohr,plugandplaytechcenter
Bamboohr,saferidehealth
Bamboohr,stayntouch
Bamboohr,teamworxsecurity
Bamboohr,tractionrec
Bamboohr,tysonmendes
Bamboohr,ceporg
Bamboohr,globalfundforwomen
Bamboohr,propperdaley
Bamboohr,plantwithpurpose
Bamboohr,climbcredit
Bamboohr,phe
Bamboohr,threespot
Bamboohr,radpowerbikes
Bamboohr,fireflypartners
Bamboohr,chloris
Bamboohr,advancementproject
Bamboohr,issueonereform
Bamboohr,carboncure
Bamboohr,solstice
Bamboohr,dreamcorps
Bamboohr,boxpower
Bamboohr,verra
Bamboohr,reachdigitalhealth
Bamboohr,foe
Bamboohr,filamentgames
Bamboohr,energyrm
Bamboohr,habitatenergy
Bamboohr,villageenterprise
Bamboohr,smiletrain
Bamboohr,actionsquared
Bamboohr,galtfoundation
Bamboohr,chargelab
Bamboohr,fourpeaks
Bamboohr,biologicaldiversity
Bamboohr,couriernewsroom
Bamboohr,wearenotley
Bamboohr,fairtradeusa
Bamboohr,humanyze
Bamboohr,maishameds
Bamboohr,usaforunhcr
Bamboohr,hotosm
Bamboohr,etr
Bamboohr,urbansharing
Bamboohr,thechancerylaneproject
Bamboohr,gridx
Bamboohr,yasa
Bamboohr,eranovum
Bamboohr,pexapark
Bamboohr,heirloom
Bamboohr,tropicbioscience
Bamboohr,buildingminds
Bamboohr,biolite
Bamboohr,mainstreamrp
Bamboohr,arca
Bamboohr,jedlix
Bamboohr,cet
Bamboohr,gridedge
Bamboohr,protea
Bamboohr,gridbeyond
Bamboohr,demeter
Bamboohr,pollination
Bamboohr,exponentpartners
Bamboohr,meedan
Bamboohr,cpjorg
Bamboohr,allout
Bamboohr,virtualpeaker
Bamboohr,relentless
Bamboohr,peoplesaction
Bamboohr,turn
Bamboohr,equalrights
Bamboohr,powercalifornia
Bamboohr,policingequity
Bamboohr,mfbl
Bamboohr,miraclefeet
Bamboohr,weareoneamerica
Bamboohr,rethinkfood
Bamboohr,amberkinetics
Bamboohr,umbralab
Bamboohr,xtm
Bamboohr,commonsku
Bamboohr,psd
Bamboohr,sg
Bamboohr,eposnowgroup
Bamboohr,fluencetechtrial
Bamboohr,premise
Bamboohr,strakertranslations
Bamboohr,optm
Bamboohr,lawvu
Bamboohr,gillespies
Bamboohr,thecyberhawk
Bamboohr,thearchco
Bamboohr,optionsit
Bamboohr,opencosmos
Bamboohr,fasset
Bamboohr,samsaraeco
Bamboohr,danaid
Bamboohr,inheritingearth
Bamboohr,gfo
Bamboohr,songtradr
Bamboohr,resurgo
Lever,GoToGroup
Lever,kava
Lever,hivebrite
Lever,palantir
Lever,crypto
Lever,tokenmetrics
Lever,ion
Lever,csit
Lever,42dot
Lever,binance
Lever,kpler
Lever,cybcube
Lever,saviynt
Lever,viome
Lever,atomicmachines
Lever,farmwise
Lever,airwallex
Lever,hadrian
Lever,benchsci
Lever,tendo
Lever,xepelin
Lever,sunpower
Lever,deleteme
Lever,streetlightdata
Lever,RaptorMaps
Lever,arcadia
Lever,healthverity
Lever,axoni
Lever,wandb
Lever,thetrevorproject
Lever,automox
Lever,opengov
Lever,tegus
Lever,zerofox
Lever,hopper
Lever,clicktime
Lever,civitech
Lever,wattpad
Lever,veeva
Lever,iheartjane
Lever,pumpkin
Lever,imbue
Lever,1password
Lever,jumpcloud
Lever,floqast
Lever,stackadapt
Lever,xero
Lever,LinearB
Lever,klue
Lever,mindtickle
Lever,uniphore
Lever,verkada
Lever,restaurant365
Lever,useinsider
Lever,securecodewarrior
Lever,icertis
Lever,loopio
Lever,quantcast
Lever,sonatype
Lever,cartodb
Lever,biorender
Lever,cority
Lever,docebo
Lever,bazaarvoice
Lever,frontapp
Lever,cloudinary
Lever,formstack
Lever,smartcar
Lever,streamsets
Lever,matillion
Lever,captivateiq
Lever,immutable
Lever,outreach
Lever,logixboard
Lever,hearsaysystems
Lever,q4inc
Lever,pigment
Lever,clevertap
Lever,secureframe
Lever,agiloft
Lever,pingcap
Lever,metabase
Lever,logicmanager
Lever,canarytechnologies
Lever,lodgify
Lever,workos
Lever,loopreturns
Lever,olo
Lever,nextech
Lever,snowplow
Lever,livechatinc
Lever,starburstdata
Lever,qualified
Lever,redaptiveinc
Lever,lyrahealth
Lever,goconsensus
Lever,dexcarehealth
Lever,anyroad
Lever,emburse
Lever,tophat
Lever,regalvoice
Lever,narmi
Lever,marco
Lever,h1
Lever,thinkahead
Lever,patch
Lever,solvhealth
Lever,upt
Lever,parcellab
Lever,form
Lever,brightwheel
Lever,trolley
Lever,matterport
Lever,aircall
Lever,simulmedia
Lever,matchgroup
Lever,servicerocket
Lever,covariant
Lever,orum
Lever,Osano
Lever,egen
Lever,lumafield
Lever,secondfrontsystems
Lever,intenseye
Lever,intelycare
Lever,centro
Lever,Plooto
Lever,moogs
Lever,digitalremedy
Lever,dixa
Lever,canopyservicing
Lever,fundapps
Lever,collectivei
Lever,Mediafly
Lever,goforward
Lever,goodleap
Lever,pivotal
Lever,donut
Lever,SafeLease
Lever,rover
Lever,loftorbital
Lever,brightmachines
Lever,thunkable
Lever,passportshipping
Lever,prodigyeducation
Lever,owner
Lever,vet
Lever,nodeslinks
Lever,acl
Lever,apptegy
Lever,zopa
Lever,vrchat
Lever,infinitus
Lever,improbable
Lever,conversantgroup
Lever,ChefRobotics
Lever,revenueanalytics
Lever,Archive
Lever,newfrontinsurance
Lever,zencore
Lever,findigs
Lever,provi
Lever,synth
Lever,thrillworks
Lever,sunhero
Lever,amaze
Lever,roo
Lever,reibus
Lever,torchdental
Lever,flexcollegeprep
Lever,scratchfinancial
Lever,colorofcha
Lever,percipient
Lever,modern
Lever,promenade
Lever,paynuity
Lever,doranjones
Lever,kodiak
Lever,soun
Lever,rangle
Lever,MBRDNA
Lever,clubhouse
Lever,numeris
Lever,mcgovern
Lever,Medchart
Lever,cepton
Lever,picklerobot
Lever,respondent
Lever,MissionWired
Lever,edpuzzle
Lever,Traba
Lever,varicent
Lever,Zuva
Lever,coforma
Lever,equiphealth
Lever,eargo
Lever,ppfa
Lever,cfsenergy
Lever,safeai
Lever,schoolhouseworld
Lever,wisk
Lever,clarifyhealth
Lever,aigen
Lever,tigoenergy
Lever,Zanskar
Lever,marigoldhealth
Lever,prescriptivedata
Lever,Evergrow
Lever,stable
Lever,HowGood
Lever,r4d
Lever,globalstrategygroup
Lever,catalist
Lever,ambrook
Lever,runningtide
Lever,naturesfynd
Lever,exygy
Lever,kom
Lever,aofl
Lever,neednova
Lever,EducationSuperHighway
Lever,arkbiotech
Lever,commonlit
Lever,ignit
Lever,kiwico
Lever,hicleo
Lever,BusaraCenter
Lever,biobot
Lever,angaza
Lever,grailbio
Lever,MastReforestation
Lever,brilliant
Lever,astera
Lever,replate
Lever,sunfold
Lever,imagineconsult
Lever,booknooklearn
Lever,gdi
Lever,ro
Lever,kairosaerospace
Lever,helloalpha
Lever,verdigris
Lever,voterformationproject
Lever,kyruushealth
Lever,schmidtfutures
Lever,goodeggs
Lever,bighealth
Lever,Enveritas
Lever,RunForSomething
Lever,scoopforwork
Lever,emitwise
Lever,thalolabs
Lever,indivisible
Lever,octoenergy
Lever,includedhealth
Lever,charmindustrial
Lever,raiseforgood
Lever,end
Lever,omnidian
Lever,oneconcern
Lever,granicus
Lever,Instrumentl
Lever,code2040
Lever,HeirloomTechnologies
Lever,affectmentalhea
Lever,culdesac
Lever,corbalt
Lever,goswift
Lever,taptapsend
Lever,caremessage
Lever,pachama
Lever,PhoenixTailings
Lever,UpMetrics
Lever,missioncontinues
Lever,treecard
Lever,enertechsearch
Lever,eventbrite
Lever,humanetech
Lever,agreena
Lever,innovafeed
Lever,dott
Lever,gridmatic
Lever,EnergyVault
Lever,sylvera
Lever,yardstick
Lever,backmarket
Lever,voltus
Lever,verkor
Lever,blablacar
Lever,ScaleMicrogridSolutions
Lever,uprightproject
Lever,infogrid
Lever,deepsky
Lever,Terraformation
Lever,arbor
Lever,solarlandscape
Lever,sesame
Lever,rumin8
Lever,finch
Lever,einride
Lever,spectral
Lever,memfault
Lever,endpointclosing
Lever,tripleblind
Lever,nielsen
Lever,openx
Lever,coalfire
Lever,modsquad
Lever,pointclickcare
Lever,indigoag
Lever,translifeline
Lever,earthspecies
Lever,signal
Lever,emilyslist
Lever,forusall
Lever,hopelab
Lever,orijin
Lever,statesproject
Lever,TechMatters
Lever,qcells
Lever,BlocPower
Lever,bedrockenergy
Lever,c16bio
Lever,dnb
Lever,craft
Lever,seqera
Lever,justworkslabs
Lever,algorex
Lever,zayzoon
Lever,rainforest
Lever,imo-online
Lever,sonrai-security
Lever,evisort-2
Lever,easypost-2
Lever,mostly-ai
Lever,appen-2
Lever,super-com
Lever,asapp-2
Lever,milk-moovement
Lever,nautical-commerce
Lever,apex-ai
Lever,kwh-analytics
Lever,goalbookapp-2
Lever,evrealty-us
Lever,sustain-cert
Lever,close.io
Lever,Shift%20Markets
Lever,endgame.io
Lever,sequoiaclimate.org
Lever,regrow.ag
Lever,chainlink
Lever,waabi
Lever,nisum
Lever,practicebetter
Lever,StubHub
Lever,swissborg
Lever,rivosinc
Lever,Notabene
Lever,xage-security
Lever,weride
Lever,milliondollarbabyco
Lever,cti-md
Lever,wolve
Lever,arsiem
Lever,eleostech
Lever,netflix
Lever,hatchit
Lever,woven-by-toyota
Lever,genovatech
Lever,rocketlawyer
Lever,skyways
Lever,cohere
Lever,acds
Lever,boringcompany
Lever,zoox
Lever,questanalytics
Lever,activecampaign
Lever,Regentcraft
Lever,m33
Lever,genesistherapeutics
Lever,SimbeRobotics
Lever,Moonhub
Lever,fizz
Lever,bodo
Lever,uncountable
Lever,symplicity
Lever,safe
Lever,smartadserver
Lever,pipedrive
Lever,shopback-2
Lever,guidewire
Lever,xsolla
Lever,shyftlabs
Lever,tiket
Lever,mendix
Lever,ledger
Lever,nimblerx
Lever,coingecko
Lever,kepler
Lever,galatea-associates
Lever,mactores
Lever,capchase
Lever,quantco-
Lever,veepee
Lever,accurate
Lever,gausslabs
Lever,farfetch
Lever,airslate
Lever,bluecatnetworks
Lever,justwatch
Lever,ninjavan
Lever,jmawireless
Lever,lalamove
Lever,Yassir
Lever,dreamgames
Lever,oaknorth.ai
Lever,compasslexecon
Lever,terrascope
Lever,fnatic
Lever,pibenchmark
Lever,enable
Lever,wintermute-trading
Lever,moneyboxapp
Lever,360learning
Lever,a
Lever,ableserve
Lever,abtasty
Lever,achievers
Lever,acumenllc
Lever,alamodrafthouse
Lever,allegiantair
Lever,analyticpartners
Lever,apartmentlife
Lever,apollographql
Lever,apt-deco
Lever,arcteryx.com
Lever,arrivelogistics
Lever,asap
Lever,asmarterwindow
Lever,atlan
Lever,attentive
Lever,axionray
Lever,baller
Lever,bamko
Lever,barrel
Lever,beautybarrage
Lever,bluebottlecoffee
Lever,bolster
Lever,boulderingproject
Lever,boxlunch
Lever,bpmcpa
Lever,brightedge
Lever,buckmason
Lever,canaan
Lever,canvasww
Lever,cargo-partner
Lever,certik
Lever,chyronhego
Lever,cimgroup
Lever,cision
Lever,citadelsecurityusa
Lever,connorgp
Lever,coolbet
Lever,cscgeneration-2
Lever,deltasands
Lever,dexterity
Lever,diamondfoundry
Lever,dlocal
Lever,dodmg
Lever,dollskill
Lever,DoraHacks
Lever,dten
Lever,dwavesys
Lever,encorevet
Lever,ennismore
Lever,erg
Lever,fanatics
Lever,flexmarketinggroup
Lever,flipfit
Lever,florence
Lever,flowlife
Lever,foodstuffs
Lever,fourth
Lever,foxtrotco
Lever,frontify
Lever,frubana
Lever,fyusion
Lever,galvanick
Lever,gantry
Lever,glide
Lever,global-elite
Lever,gonetspeed
Lever,gopuff
Lever,gorh
Lever,gouspack
Lever,gr0
Lever,hcvt
Lever,Highlight
Lever,hihello
Lever,hiver
Lever,honeycomb
Lever,honkforhelp
Lever,hopeservices
Lever,hungerfreeamerica
Lever,hush
Lever,Hydrow
Lever,infstones
Lever,insider-intelligence
Lever,insidesource
Lever,insomniacookies
Lever,isee
Lever,jetsupport
Lever,jointopo
Lever,joshstoysandgames
Lever,juniperplatform
Lever,kikoff
Lever,koddi
Lever,launchsquad
Lever,lendbuzz
Lever,levadata
Lever,leverdemo-8
Lever,linq
Lever,lqdigital
Lever,lsa-hr
Lever,lucidmotors
Lever,marcusmillichap
Lever,mothership-2
Lever,next-health
Lever,observeai
Lever,osaro
Lever,overbond
Lever,panteracapital
Lever,placemakr
Lever,playplay
Lever,ppgny
Lever,prestigedevelopment
Lever,prevail
Lever,protective
Lever,rackspace
Lever,redsox
Lever,review
Lever,richards-supply
Lever,ridezum
Lever,riocan
Lever,rxr
Lever,sambatv
Lever,sendoso
Lever,sietefoods-2
Lever,silo
Lever,skello
Lever,skydance
Lever,solidcore
Lever,spinwheel
Lever,StudioThree
Lever,sunsrce
Lever,superpedestrian
Lever,supportninja
Lever,teamsnap
Lever,technexus
Lever,teleo
Lever,TheAudioProgrammer
Lever,thestudio
Lever,tomjames
Lever,toplinepro
Lever,tovala
Lever,trader
Lever,transwest
Lever,tsmg
Lever,unitq
Lever,universalengineeringsciences
Lever,USMobile
Lever,uwnyc
Lever,versapay
Lever,verticalscope
Lever,viamericas
Lever,vippetcare
Lever,wachter
Lever,wearedream
Lever,webfx
Lever,welocalize
Lever,williamsburglearning
Lever,windownation
Lever,windowsbyrba
Lever,wisdomtree
Lever,wr
Lever,zeneducate
Lever,Zowie
Lever,ecocart
Lever,outrider
Lever,shieldai
Lever,tonkean
Lever,AIFund
Lever,printify
Lever,obsglobal
Lever,oxio
Lever,rapidai
Lever,reliable
Lever,instrumental
Lever,Onehouse
Lever,mujininc
Lever,moxionpower
Lever,Osmind
Lever,lessen
Lever,kueski
Lever,last-energy
Lever,livekindred
Lever,dazn
Lever,rockset
Lever,cobaltrobotics
Lever,physicsx.ai
Lever,hyperscience
Lever,BlockSwap
Lever,bumbleinc
Lever,mistral
Lever,moonpig
Lever,fresha
Lever,instadeep
Lever,flock
Lever,truv
Lever,unlikely
Lever,aeratechnology
Lever,graviteesource
Lever,uptycs
Lever,moogsoft
Lever,vetted
Lever,aclima
Lever,synthace
Lever,colorofchange
Lever,sounder
Lever,komaza
Lever,ignitemh
Lever,sunfolding
Lever,imagineconsulting
Lever,booknooklearning
Lever,affectmentalhealth
Pinpointhq,auroraer
Pinpointhq,zencargo
Pinpointhq,lush
Pinpointhq,lbresearch
Pinpointhq,acuitycare
Recruitee,duckduckgo
Recruitee,fashioncloudgmbh
Recruitee,orbem
Recruitee,tether
Recruitee,isovalent
Recruitee,oviva
Recruitee,datasnipper
Recruitee,makersitegmbh
Recruitee,petalmd
Recruitee,vervegroup
Recruitee,tellent
Recruitee,growprogress
Recruitee,protectdemocracy
Recruitee,centerfortechandciviclife
Recruitee,mesosolutions
Recruitee,radishlab
Recruitee,fastned
Recruitee,leydenjar
Recruitee,orbisk
Recruitee,carbyon
Recruitee,farminsect
Recruitee,trunkrs
Recruitee,againbio
Recruitee,plantlab
Recruitee,constellr
Recruitee,modernsynthesis
Recruitee,climeworks
Recruitee,battolysersystems
Recruitee,kayrros1
Recruitee,deepsea
Recruitee,plantix
Recruitee,pur
Recruitee,reframe
Recruitee,thelandbankinggroup
Recruitee,nira
Recruitee,meltandmarble
Recruitee,rocsys
Recruitee,neptunesoftware
Recruitee,constructivedialogue
Recruitee,allianceforyouthorganizing
Recruitee,oneutilitybill
Recruitee,blendb2b
Recruitee,upslide
Recruitee,ib1
Recruitee,olsamgroup
Recruitee,causalens
Recruitee,tomorrowseducation
Recruitee,hardthyperloop
Workable,ballotpedia
Workable,investnext
Workable,ipullrank
Workable,blackcart
Workable,birdeye
Workable,profisee
Workable,stakefish
Workable,avoma
Workable,mindex
Workable,neostella
Workable,onlogic
Workable,roller
Workable,zyte
Workable,lmax
Workable,adverity
Workable,apptega
Workable,reversinglabs
Workable,murmuration
Workable,multimediallc
Workable,tempest
Workable,terrafuse
Workable,activatecare
Workable,discoveryed
Workable,ioby
Workable,gridware
Workable,qgiv
Workable,ohmconnect
Workable,otherlab
Workable,uniteamerica
Workable,kanopi
Workable,digidems
Workable,aira
Workable,secondmuse
Workable,canceriq
Workable,climaterobotics
Workable,xfuel
Workable,smappee
Workable,tado
Workable,iceye
Workable,carbonclean
Workable,wallbox
Workable,ohme
Workable,plana
Workable,lunenergy
Workable,gridium
Workable,stationa
Workable,powerdash
Workable,plumelabs
Workable,pathwaycom
Workable,zifo
Workable,mbanq
Workable,stafi
Workable,praecipio
Workable,betterhelp
Workable,carbonlighthouse
Workable,citizendata
Workable,carbonplan
Workable,thinkshout
Workable,workmoney
Workable,enervee
Workable,digidem
Workable,awesomemotive
Workable,bevicareers
Workable,tresata
Workable,kantox
Workable,sincere
Workable,nexleaf-analytics
Workable,derapi-inc
Workable,rewiring-america
Workable,targetsmart-communications
Workable,integral-2
Workable,novel-capital
Workable,poly-ai
Workable,solve-finance
Workable,evidence-action
Workable,movement-labs
Workable,zinc-ventures-limited
Workable,resource-innovations
Workable,kara-inc
Workable,common-energy-1
Workable,friends-from-the-city
Workable,ivy-energy
Workable,project-canary
Workable,american-institute-of-chemical-engineers
Workable,pathfinder-solutions
Workable,open-up-resources
Workable,glimpse-1
Workable,cloudlinux-1
Workable,deep-branch
Workable,wildlife-works
Workable,carbon-tracker
Workable,amogy-1
Workable,teramind-1
Workable,futurex-1
Workable,spark-networks
Workable,resonant-link
Workable,endeavor-talent
Workable,kettle-2
Workable,middle-seat
Workable,swtch-energy
Workable,eleos-health
Workable,code-computerlove
Workable,grayce
Workable,mmr
Workable,bridges-ltd-careers
Workable,frazer-nash
Workable,rebellion
Workable,focusrite
Workable,drovo
Workable,teamitg
Workable,engagetechuk
Workable,quickrelease
Workable,freemavens
Workable,j
