"ats,ats_identifier"
Greenhouse,alexandralozanoimmigrationlawpllc
Greenhouse,blueb
Greenhouse,bluebeam
Greenhouse,blueoriginllc
Greenhouse,candi
Greenhouse,con
Greenhouse,convoy
Greenhouse,curvehea
Greenhouse,curvehealth
Greenhouse,diffusebio
Greenhouse,directshi
Greenhouse,directshifts
Greenhouse,dotcomtherapy
Greenhouse,ecore
Greenhouse,edgile
Greenhouse,elitebodysculpture
Greenhouse,engagesmart
Greenhouse,entrix
Greenhouse,firstlookmedia
Greenhouse,glosslab
Greenhouse,groove
Greenhouse,incidentio
Greenhouse,influxdb
Greenhouse,infusemedia
Greenhouse,jellyfish
Greenhouse,logikc
Greenhouse,logikcull
Greenhouse,losalamospublicschools
Greenhouse,machinemetrics
Greenhouse,mapbox
Greenhouse,nautilusl
Greenhouse,nz
Greenhouse,nzero
Greenhouse,premierstaff
Greenhouse,purestorage
Greenhouse,quotewell
Greenhouse,rfpio
Greenhouse,securitybankbettercareers
Greenhouse,sweep
Greenhouse,sysdig
Greenhouse,system
Greenhouse,tadigitalusa
Greenhouse,talos
Greenhouse,techtalentandstrat
Greenhouse,techtalentandstrategy
Greenhouse,therma
Greenhouse,theroom
Greenhouse,tra
Greenhouse,transferwise
Greenhouse,vaayutech
Greenhouse,veesearch
Lever,kava
Lever,BlocPower
Lever,Enveritas
Lever,HeirloomTechnologies
Lever,Osano
Lever,aclima
Lever,affectmentalhea
Lever,affectmentalhealth
Lever,asap
Lever,booknooklearn
Lever,booknooklearning
Lever,canaan
Lever,colorofcha
Lever,colorofchange
Lever,eventbrite
Lever,flexmarketinggroup
Lever,flock
Lever,helloalpha
Lever,ignit
Lever,ignitemh
Lever,imagineconsult
Lever,imagineconsulting
Lever,insider-intelligence
Lever,instadeep
Lever,kairosaerospace
Lever,kikoff
Lever,kom
Lever,komaza
Lever,kwh-analytics
Lever,levadata
Lever,lucidmotors
Lever,marco
Lever,moogs
Lever,moogsoft
Lever,panteracapital
Lever,paynuity
Lever,runningtide
Lever,sendoso
Lever,seqera
Lever,soun
Lever,sounder
Lever,streamsets
Lever,sunfold
Lever,sunfolding
Lever,synth
Lever,synthace
Lever,thestudio
Lever,upt
Lever,uptycs
Lever,vet
Lever,vetted
Workable,j
Workable,ohmconnect
